user_id,token,datetime
0,abc123,2023-02-22 05:37:40
1,gaz310,2023-02-22 05:37:40
2,zfb087,2023-02-22 05:41:45
3,mhc987,2023-02-22 05:42:07
4,xmo265,2023-02-22 05:42:45
5,gas831,2023-02-22 09:18:18
6,qpa413,2023-02-22 09:38:03
7,tdd746,2023-02-22 09:38:45
8,xfk869,2023-02-22 09:39:46
9,bzg605,2023-02-22 09:42:44
10,cse645,2023-02-22 09:45:10
11,yab974,2023-02-22 09:49:25
12,hey731,2023-02-22 09:55:01
13,xoo291,2023-02-22 10:28:44
14,fpm184,2023-02-22 10:56:06
15,kpq901,2023-02-22 11:01:17
16,qft780,2023-02-22 11:02:08
17,tkm755,2023-02-22 11:03:21
18,qqd959,2023-02-22 11:35:08
19,akr579,2023-02-22 12:51:42
20,dot949,2023-02-22 15:17:43
21,tso177,2023-02-22 15:17:58
22,meo874,2023-02-22 16:10:58
23,skr696,2023-02-22 18:01:04
24,eof197,2023-02-22 18:29:24
25,hpe876,2023-02-22 21:38:23
26,dkp897,2023-02-22 23:51:42
27,ocz609,2023-02-23 00:16:53
28,oeg591,2023-02-23 00:25:52
29,kxq316,2023-02-23 10:42:42
30,psz591,2023-02-23 11:27:27
31,hcb313,2023-02-23 11:49:32
32,bhr212,2023-02-23 12:47:07
33,mcx591,2023-02-23 14:47:35
34,oqg940,2023-02-23 15:57:06
35,tsg784,2023-02-23 15:57:57
36,xyr222,2023-02-23 19:17:28
37,ozh463,2023-02-23 20:37:30
38,yae491,2023-02-24 02:22:00
39,hcr719,2023-02-24 02:59:56
40,ncr556,2023-02-24 06:12:36
41,gfn782,2023-02-24 20:42:28
42,dnb454,2023-02-24 20:48:42
43,arq550,2023-02-24 20:50:33
44,pad807,2023-02-24 20:54:40
45,anh031,2023-02-24 20:55:02
46,qez451,2023-02-24 21:03:06
47,ome656,2023-02-24 21:04:13
48,ydy119,2023-02-24 21:07:55
49,ktr985,2023-02-24 21:14:43
50,sqp699,2023-02-24 21:17:29
51,mbk008,2023-02-24 21:22:09
52,osf348,2023-02-24 21:22:49
53,tdk495,2023-02-24 21:22:55
54,nta763,2023-02-24 21:26:08
55,mss942,2023-02-24 22:47:30
56,xde931,2023-02-25 03:34:58
57,gxk559,2023-02-25 03:34:58
58,nkh910,2023-02-25 03:43:27
59,tbh924,2023-02-25 06:31:40
60,ddr571,2023-02-26 00:22:30
61,ehs210,2023-02-26 00:23:04
62,sqd258,2023-02-26 00:25:12
63,kkz834,2023-02-26 00:26:36
64,hpb684,2023-02-26 00:30:27
65,yeg077,2023-02-26 00:31:00
66,pog220,2023-02-26 00:31:45
67,prd110,2023-02-26 00:56:20
68,txz920,2023-02-26 00:56:20
69,acb997,2023-02-26 01:25:48
70,erq179,2023-02-26 02:49:08
71,zzc996,2023-02-26 16:33:10
72,gqn693,2023-02-26 16:47:19
73,krn972,2023-02-26 16:53:32
74,eep926,2023-02-26 16:54:08
75,nao836,2023-02-26 16:55:44
76,chd367,2023-02-26 16:56:01
77,hzn762,2023-02-26 17:26:33
78,rac937,2023-02-26 17:27:45
79,zre221,2023-02-26 17:28:48
80,acg134,2023-02-26 17:30:07
81,rya699,2023-02-26 17:32:11
82,ycs920,2023-02-26 18:39:30
83,mkm192,2023-02-26 19:05:05
84,yds036,2023-02-26 19:07:29
85,yyb598,2023-02-26 19:08:03
86,eqm806,2023-02-26 19:08:37
87,hok466,2023-02-26 19:09:46
88,dno436,2023-02-26 19:11:01
89,fbc229,2023-02-26 19:26:39
90,prr015,2023-02-26 19:54:45
91,hmm113,2023-02-26 21:14:07
92,nds741,2023-02-26 21:42:50
93,hrz795,2023-02-26 21:50:01
94,ypz523,2023-02-26 21:50:27
95,nmr456,2023-02-26 22:47:56
96,zax072,2023-02-27 00:05:56
97,ggk035,2023-02-27 01:52:17
98,pft235,2023-02-27 02:10:36
99,qpg243,2023-02-27 09:27:09
100,dee525,2023-02-27 12:06:45
101,nrz134,2023-02-27 12:42:52
102,fkx415,2023-02-27 13:03:46
103,kas569,2023-02-27 13:27:40
104,sdo225,2023-02-27 13:29:51
105,pgk158,2023-02-27 13:31:01
106,zye867,2023-02-27 13:35:04
107,xqs113,2023-02-27 13:37:08
108,ogs689,2023-02-27 13:37:48
109,bgb555,2023-02-27 13:54:57
110,mng239,2023-02-27 13:55:53
111,qfr572,2023-02-27 13:57:51
112,xfe107,2023-02-27 14:03:28
113,kgy180,2023-02-27 14:19:23
114,pcy773,2023-02-27 14:46:45
115,aqc387,2023-02-27 15:05:58
116,rsg824,2023-02-27 15:32:36
117,mth134,2023-02-27 15:51:54
118,chh097,2023-02-27 15:52:02
119,ahr059,2023-02-27 15:53:43
120,okx084,2023-02-27 15:57:43
121,dab096,2023-02-27 16:00:22
122,smf484,2023-03-03 04:45:43
123,myz506,2023-03-03 04:47:32
124,mge524,2023-03-03 05:04:38
125,dgn971,2023-03-03 05:06:35
126,fed063,2023-03-03 05:06:54
127,bsk219,2023-03-03 05:08:44
128,xxg348,2023-03-03 08:09:05
129,pad282,2023-03-03 08:09:25
130,fbg113,2023-03-03 08:38:51
131,kft479,2023-03-03 08:38:54
132,bmt544,2023-03-03 09:13:07
133,qgs776,2023-03-03 09:13:11
134,czd587,2023-03-03 09:38:54
135,hda149,2023-03-03 10:00:59
136,fgm166,2023-03-03 10:04:26
137,syx119,2023-03-03 12:28:44
138,ast875,2023-03-03 12:46:41
139,aht883,2023-03-03 13:10:53
140,yaz572,2023-03-03 16:08:04
141,dhh458,2023-03-03 22:45:05
142,eso808,2023-03-03 23:54:17
143,ony531,2023-03-03 23:54:58
144,bcc778,2023-03-04 00:43:15
145,cxy873,2023-03-04 01:12:45
146,yfh175,2023-03-04 01:14:36
